{"cameraMode":{"drawMode":0,"name":"Shaded","section":"Shading Mode"},"sceneLighting":true,"audioPlay":false,"sceneViewState":{"showFog":true,"showMaterialUpdate":false,"showSkybox":true,"showFlares":true,"showImageEffects":true,"showParticleSystems":true},"in2DMode":false,"pivot":{"x":0.09643173217773438,"y":2.2183289527893068,"z":1.4033210277557374},"rotation":{"x":-0.19605284929275514,"y":0.3974539339542389,"z":-0.08733958005905152,"w":-0.8921725153923035},"size":3.967677354812622,"orthographic":false}