{"cameraMode":{"drawMode":0,"name":"Shaded","section":"Shading Mode"},"sceneLighting":true,"audioPlay":false,"sceneViewState":{"showFog":true,"showMaterialUpdate":false,"showSkybox":true,"showFlares":true,"showImageEffects":true,"showParticleSystems":true},"in2DMode":false,"pivot":{"x":-0.39010775089263918,"y":-2.493509292602539,"z":4.4817891120910648},"rotation":{"x":-0.32784152030944826,"y":0.10794016718864441,"z":-0.03773488104343414,"w":-0.9377878308296204},"size":8.142705917358399,"orthographic":false}