{"cameraMode":{"drawMode":0,"name":"Shaded","section":"Shading Mode"},"sceneLighting":true,"audioPlay":false,"sceneViewState":{"showFog":true,"showMaterialUpdate":false,"showSkybox":true,"showFlares":true,"showImageEffects":true,"showParticleSystems":true},"in2DMode":false,"pivot":{"x":0.01124390959739685,"y":0.8765261769294739,"z":-0.04251301288604736},"rotation":{"x":-0.02244635485112667,"y":0.9599215388298035,"z":-0.2675372064113617,"w":-0.08053263276815415},"size":1.4409886598587037,"orthographic":false}