{"cameraMode":{"drawMode":0,"name":"Shaded","section":"Shading Mode"},"sceneLighting":false,"audioPlay":false,"sceneViewState":{"showFog":true,"showMaterialUpdate":false,"showSkybox":false,"showFlares":true,"showImageEffects":true,"showParticleSystems":true},"in2DMode":false,"pivot":{"x":12.550000190734864,"y":1.8714234828948975,"z":-13.947484970092774},"rotation":{"x":-0.32784152030944826,"y":0.10794016718864441,"z":-0.03773488104343414,"w":-0.9377878308296204},"size":3.8409883975982668,"orthographic":false}