{"cameraMode":{"drawMode":0,"name":"Shaded","section":"Shading Mode"},"sceneLighting":false,"audioPlay":false,"sceneViewState":{"showFog":true,"showMaterialUpdate":false,"showSkybox":false,"showFlares":true,"showImageEffects":true,"showParticleSystems":true},"in2DMode":false,"pivot":{"x":1.013660192489624,"y":0.846000075340271,"z":3.690000057220459},"rotation":{"x":-0.31520843505859377,"y":0.2795029580593109,"z":-0.09771150350570679,"w":-0.9016514420509338},"size":0.8665738105773926,"orthographic":false}